Workbook

Sheet Bet Log
A1: Date | B1: Sport | C1: Event | D1: Pick | E1: Odds (American) | F1: Implied Prob% | G1: My Prob% | H1: Edge% | I1: Confidence (1-10) | J1: Stake ($) | K1: Result (W/L/P) | L1: Payout | M1: P&L | N1: Running Bankroll
A2: 46101 | B2: NBA | C2: Lakers vs Celtics | D2: Lakers -5 | E2: -110 | F2: 0.524 | G2: 0.55 | H2: 0.026 | I2: 8 | J2: 100 | K2: W | L2: =IF(K2="W",J2*(1+ABS(E2/100)),0) -> 210 | M2: =IF(K2="W",L2-J2,IF(K2="L",-J2,0)) -> 110 | N2: =1000+M2 -> 1110
A3: 46102 | B3: MLB | C3: Yankees vs Red Sox | D3: Yankees Over 8.5 | E3: 110 | F3: 0.476 | G3: 0.5 | H3: 0.024 | I3: 7 | J3: 75 | K3: L | L3: =IF(K3="W",J3*(1+ABS(E3/100)),0) -> 0 | M3: =IF(K3="W",L3-J3,IF(K3="L",-J3,0)) -> -75 | N3: =N2+M3 -> 1035
A4: 46103 | B4: Soccer | C4: Man City vs Arsenal | D4: Man City ML | E4: -150 | F4: 0.6 | G4: 0.62 | H4: 0.02 | I4: 9 | J4: 150 | K4: W | L4: =IF(K4="W",J4*(1+ABS(E4/100)),0) -> 375 | M4: =IF(K4="W",L4-J4,IF(K4="L",-J4,0)) -> 225 | N4: =N3+M4 -> 1260

Sheet Weekly Summary
A1: Week # | B1: Start Date | C1: End Date | D1: # Bets | E1: Wins | F1: Losses | G1: Win Rate% | H1: Total Staked | I1: Total P&L | J1: ROI% | K1: Running Bankroll
A2: 1 | B2: 46097 | C2: 46103 | D2: =COUNTIFS('Bet Log'!$A$2:$A$1000,">="&DATE(2026,3,16),'Bet Log'!$A$2:$A$1000,"<="&DATE(2026,3,22)) -> 3 | E2: =COUNTIFS('Bet Log'!$A$2:$A$1000,">="&DATE(2026,3,16),'Bet Log'!$A$2:$A$1000,"<="&DATE(2026,3,22),'Bet Log'!$K$2:$K$1000,"W") -> 2 | F2: =COUNTIFS('Bet Log'!$A$2:$A$1000,">="&DATE(2026,3,16),'Bet Log'!$A$2:$A$1000,"<="&DATE(2026,3,22),'Bet Log'!$K$2:$K$1000,"L") -> 1 | G2: =IF(D2=0,0,E2/D2) -> 0.66666667 | H2: =SUMIFS('Bet Log'!$J$2:$J$1000,'Bet Log'!$A$2:$A$1000,">="&DATE(2026,3,16),'Bet Log'!$A$2:$A$1000,"<="&DATE(2026,3,22)) -> 325 | I2: =SUMIFS('Bet Log'!$M$2:$M$1000,'Bet Log'!$A$2:$A$1000,">="&DATE(2026,3,16),'Bet Log'!$A$2:$A$1000,"<="&DATE(2026,3,22)) -> 260 | J2: =IF(H2=0,0,I2/H2) -> 0.8 | K2: =1000+I2 -> 1260
A3: 2 | B3: 46104 | C3: 46110 | D3: =COUNTIFS('Bet Log'!$A$2:$A$1000,">="&DATE(2026,3,23),'Bet Log'!$A$2:$A$1000,"<="&DATE(2026,3,29)) -> 0 | E3: =COUNTIFS('Bet Log'!$A$2:$A$1000,">="&DATE(2026,3,23),'Bet Log'!$A$2:$A$1000,"<="&DATE(2026,3,29),'Bet Log'!$K$2:$K$1000,"W") -> 0 | F3: =COUNTIFS('Bet Log'!$A$2:$A$1000,">="&DATE(2026,3,23),'Bet Log'!$A$2:$A$1000,"<="&DATE(2026,3,29),'Bet Log'!$K$2:$K$1000,"L") -> 0 | G3: =IF(D3=0,0,E3/D3) -> 0 | H3: =SUMIFS('Bet Log'!$J$2:$J$1000,'Bet Log'!$A$2:$A$1000,">="&DATE(2026,3,23),'Bet Log'!$A$2:$A$1000,"<="&DATE(2026,3,29)) -> 0 | I3: =SUMIFS('Bet Log'!$M$2:$M$1000,'Bet Log'!$A$2:$A$1000,">="&DATE(2026,3,23),'Bet Log'!$A$2:$A$1000,"<="&DATE(2026,3,29)) -> 0 | J3: =IF(H3=0,0,I3/H3) -> 0 | K3: =1000+I3 -> 1000
A4: 3 | B4: 46111 | C4: 46117 | D4: =COUNTIFS('Bet Log'!$A$2:$A$1000,">="&DATE(2026,3,30),'Bet Log'!$A$2:$A$1000,"<="&DATE(2026,3,5)) -> 0 | E4: =COUNTIFS('Bet Log'!$A$2:$A$1000,">="&DATE(2026,3,30),'Bet Log'!$A$2:$A$1000,"<="&DATE(2026,3,5),'Bet Log'!$K$2:$K$1000,"W") -> 0 | F4: =COUNTIFS('Bet Log'!$A$2:$A$1000,">="&DATE(2026,3,30),'Bet Log'!$A$2:$A$1000,"<="&DATE(2026,3,5),'Bet Log'!$K$2:$K$1000,"L") -> 0 | G4: =IF(D4=0,0,E4/D4) -> 0 | H4: =SUMIFS('Bet Log'!$J$2:$J$1000,'Bet Log'!$A$2:$A$1000,">="&DATE(2026,3,30),'Bet Log'!$A$2:$A$1000,"<="&DATE(2026,3,5)) -> 0 | I4: =SUMIFS('Bet Log'!$M$2:$M$1000,'Bet Log'!$A$2:$A$1000,">="&DATE(2026,3,30),'Bet Log'!$A$2:$A$1000,"<="&DATE(2026,3,5)) -> 0 | J4: =IF(H4=0,0,I4/H4) -> 0 | K4: =1000+I4 -> 1000

Sheet Bankroll Dashboard
A1: BANKROLL DASHBOARD
A3: Starting Bankroll: | B3: 1000
A4: Current Bankroll: | B4: =B3+SUM('Bet Log'!M2:M1000) -> 1260
A6: Total Bets: | B6: =COUNTA('Bet Log'!K2:K1000)-COUNTBLANK('Bet Log'!K2:K1000) -> -993
A7: Win Rate: | B7: =IF(B6=0,0,COUNTIF('Bet Log'!K:K,"W")/B6) -> -0.0020140987
A8: Average Stake: | B8: =IF(B6=0,0,AVERAGE('Bet Log'!J2:J1000)) -> 108.33333
A9: Best Win: | B9: =MAX('Bet Log'!M:M) -> 225
A10: Worst Loss: | B10: =MIN('Bet Log'!M:M) -> -75
A12: BY SPORT BREAKDOWN
A13: NBA Bets: | B13: =COUNTIF('Bet Log'!B:B,"NBA") -> 1
A14: MLB Bets: | B14: =COUNTIF('Bet Log'!B:B,"MLB") -> 1
A15: Soccer Bets: | B15: =COUNTIF('Bet Log'!B:B,"Soccer") -> 1

Sheet Kelly Calculator
A1: KELLY CRITERION CALCULATOR
A3: INPUT CELLS
A5: Probability (0-1): | B5: 0.55
A6: Odds (American): | B6: -110
A7: Bankroll: | B7: 1000
A9: Decimal Odds: | B9: =IF(B6<0,1+100/ABS(B6),1+B6/100) -> 1.9090909
A10: Probability of Loss: | B10: =1-B5 -> 0.45
A12: OUTPUT CELLS
A14: Full Kelly %: | B14: =(B5*B9-B10)/(B9-1) -> 0.66
A15: Half Kelly %: | B15: =B14/2 -> 0.33
A16: Quarter Kelly %: | B16: =B14/4 -> 0.165
A18: Recommended Bet Amount (Half Kelly): | B18: =B7*B15 -> 330
